"Address","Content Type","Status Code","Status","Indexability","Indexability Status","Title 1","Title 1 Length","Title 1 Pixel Width","Meta Description 1","Meta Description 1 Length","Meta Description 1 Pixel Width","Meta Keywords 1","Meta Keywords 1 Length","H1-1","H1-1 Length","H1-2","H1-2 Length","H2-1","H2-1 Length","H2-2","H2-2 Length","Meta Robots 1","X-Robots-Tag 1","Meta Refresh 1","Canonical Link Element 1","rel=""next"" 1","rel=""prev"" 1","HTTP rel=""next"" 1","HTTP rel=""prev"" 1","amphtml Link Element","Size (Bytes)","Transferred (Bytes)","Total Transferred (Bytes)","CO2 (mg)","Carbon Rating","Word Count","Sentence Count","Average Words Per Sentence","Flesch Reading Ease Score","Readability","Text Ratio","Crawl Depth","Folder Depth","Link Score","Inlinks","Unique Inlinks","Unique JS Inlinks","% of Total","Outlinks","Unique Outlinks","Unique JS Outlinks","External Outlinks","Unique External Outlinks","Unique External JS Outlinks","Closest Near Duplicate Match","No. Near Duplicates","Spelling Errors","Grammar Errors","Hash","Response Time","Last Modified","Redirect URL","Redirect Type","Cookies","Language","HTTP Version","Mobile Alternate Link","Closest Semantically Similar Address","Semantic Similarity Score","No. Semantically Similar","Semantic Relevance Score","URL Encoded Address","Crawl Timestamp"
"https://rotaractjpnagar.org/","text/html; charset=utf-8","200","OK","Indexable","","Rotaract Club of Bangalore JP Nagar","35","326","Official website of Rotaract Club of Bangalore JP Nagar, RI District 3191. Developing leadership through service and fellowship.","128","801","Rotaract Bangalore,Rotaract JP Nagar,Community Service,Rotary District 3191,Leadership,Fellowship","97","Rotaract Club of Bangalore JP Nagar","35","Grow your leadership","20","Rotaract in JP Nagar","20","Recent Projects","15","index, follow","","","https://rotaractjpnagar.org/","","","","","","92995","18408","18408","2.728","","1213","201","6.035","51.526","Fairly Hard","9.439","0","0","","28","8","0","100.000","27","8","0","8","6","0","","","","","ca3148def17d24b6a910fa4fb86bdbbb","0.369","","","","","en","1.1","","","","","","https://rotaractjpnagar.org/","2026-06-26 00:38:30"
"https://rotaractjpnagar.org/_next/static/chunks/a6dad97d9634a72d.js","","0","Blocked by robots.txt","Non-Indexable","Blocked by robots.txt","","0","0","","0","0","","0","","0","","0","","0","","0","","","","","","","","","","0","0","0","0.000","","0","","","","","0.000","1","3","","0","0","0","0.000","0","0","0","0","0","0","","","","","","","","","","","","None","","","","","","https://rotaractjpnagar.org/_next/static/chunks/a6dad97d9634a72d.js","2026-06-26 00:38:32"
"https://rotaractjpnagar.org/_next/image?url=%2Fimages%2Fteam%2Fanarghya.webp&w=3840&q=75","","0","Blocked by robots.txt","Non-Indexable","Blocked by robots.txt","","0","0","","0","0","","0","","0","","0","","0","","0","","","","","","","","","","0","0","0","0.000","","0","","","","","0.000","1","1","","0","0","0","0.000","0","0","0","0","0","0","","","","","","","","","","","","None","","","","","","https://rotaractjpnagar.org/_next/image?url=%2Fimages%2Fteam%2Fanarghya.webp&w=3840&q=75","2026-06-26 00:38:32"
"https://rotaractjpnagar.org/_next/image?url=%2Fimages%2Fteam%2Faishwarya.webp&w=3840&q=75","","0","Blocked by robots.txt","Non-Indexable","Blocked by robots.txt","","0","0","","0","0","","0","","0","","0","","0","","0","","","","","","","","","","0","0","0","0.000","","0","","","","","0.000","1","1","","0","0","0","0.000","0","0","0","0","0","0","","","","","","","","","","","","None","","","","","","https://rotaractjpnagar.org/_next/image?url=%2Fimages%2Fteam%2Faishwarya.webp&w=3840&q=75","2026-06-26 00:38:32"
"https://rotaractjpnagar.org/_next/static/chunks/448197eb45a506d3.js","","0","Blocked by robots.txt","Non-Indexable","Blocked by robots.txt","","0","0","","0","0","","0","","0","","0","","0","","0","","","","","","","","","","0","0","0","0.000","","0","","","","","0.000","1","3","","0","0","0","0.000","0","0","0","0","0","0","","","","","","","","","","","","None","","","","","","https://rotaractjpnagar.org/_next/static/chunks/448197eb45a506d3.js","2026-06-26 00:38:32"
"https://rotaractjpnagar.org/_next/static/chunks/13e34d2a3d650ba9.css","","0","Blocked by robots.txt","Non-Indexable","Blocked by robots.txt","","0","0","","0","0","","0","","0","","0","","0","","0","","","","","","","","","","0","0","0","0.000","","0","","","","","0.000","1","3","","0","0","0","0.000","0","0","0","0","0","0","","","","","","","","","","","","None","","","","","","https://rotaractjpnagar.org/_next/static/chunks/13e34d2a3d650ba9.css","2026-06-26 00:38:32"
"https://rotaractjpnagar.org/_next/static/chunks/4c8d020ea0258e4a.css","","0","Blocked by robots.txt","Non-Indexable","Blocked by robots.txt","","0","0","","0","0","","0","","0","","0","","0","","0","","","","","","","","","","0","0","0","0.000","","0","","","","","0.000","1","3","","0","0","0","0.000","0","0","0","0","0","0","","","","","","","","","","","","None","","","","","","https://rotaractjpnagar.org/_next/static/chunks/4c8d020ea0258e4a.css","2026-06-26 00:38:32"
"https://rotaractjpnagar.org/_next/image?url=%2Fimages%2Flogos%2FRaCJPN-White-UniteForGood-Regular.png&w=384&q=75","","0","Blocked by robots.txt","Non-Indexable","Blocked by robots.txt","","0","0","","0","0","","0","","0","","0","","0","","0","","","","","","","","","","0","0","0","0.000","","0","","","","","0.000","1","1","","0","0","0","0.000","0","0","0","0","0","0","","","","","","","","","","","","None","","","","","","https://rotaractjpnagar.org/_next/image?url=%2Fimages%2Flogos%2FRaCJPN-White-UniteForGood-Regular.png&w=384&q=75","2026-06-26 00:38:32"
"https://rotaractjpnagar.org/_next/image?url=%2Fimages%2Fteam%2Fsamarth.webp&w=3840&q=75","","0","Blocked by robots.txt","Non-Indexable","Blocked by robots.txt","","0","0","","0","0","","0","","0","","0","","0","","0","","","","","","","","","","0","0","0","0.000","","0","","","","","0.000","1","1","","0","0","0","0.000","0","0","0","0","0","0","","","","","","","","","","","","None","","","","","","https://rotaractjpnagar.org/_next/image?url=%2Fimages%2Fteam%2Fsamarth.webp&w=3840&q=75","2026-06-26 00:38:32"
"https://rotaractjpnagar.org/_next/image?url=%2Fimages%2Fhero%2Fslide-1.webp&w=3840&q=75","","0","Blocked by robots.txt","Non-Indexable","Blocked by robots.txt","","0","0","","0","0","","0","","0","","0","","0","","0","","","","","","","","","","0","0","0","0.000","","0","","","","","0.000","1","1","","0","0","0","0.000","0","0","0","0","0","0","","","","","","","","","","","","None","","","","","","https://rotaractjpnagar.org/_next/image?url=%2Fimages%2Fhero%2Fslide-1.webp&w=3840&q=75","2026-06-26 00:38:32"
"https://rotaractjpnagar.org/_next/static/chunks/ff1a16fafef87110.js","","0","Blocked by robots.txt","Non-Indexable","Blocked by robots.txt","","0","0","","0","0","","0","","0","","0","","0","","0","","","","","","","","","","0","0","0","0.000","","0","","","","","0.000","1","3","","0","0","0","0.000","0","0","0","0","0","0","","","","","","","","","","","","None","","","","","","https://rotaractjpnagar.org/_next/static/chunks/ff1a16fafef87110.js","2026-06-26 00:38:32"
"https://rotaractjpnagar.org/_next/static/chunks/a8caf86c79dc84cd.js","","0","Blocked by robots.txt","Non-Indexable","Blocked by robots.txt","","0","0","","0","0","","0","","0","","0","","0","","0","","","","","","","","","","0","0","0","0.000","","0","","","","","0.000","1","3","","0","0","0","0.000","0","0","0","0","0","0","","","","","","","","","","","","None","","","","","","https://rotaractjpnagar.org/_next/static/chunks/a8caf86c79dc84cd.js","2026-06-26 00:38:32"
"https://rotaractjpnagar.org/_next/static/chunks/d4b70c406a16b759.js","","0","Blocked by robots.txt","Non-Indexable","Blocked by robots.txt","","0","0","","0","0","","0","","0","","0","","0","","0","","","","","","","","","","0","0","0","0.000","","0","","","","","0.000","1","3","","0","0","0","0.000","0","0","0","0","0","0","","","","","","","","","","","","None","","","","","","https://rotaractjpnagar.org/_next/static/chunks/d4b70c406a16b759.js","2026-06-26 00:38:32"
"https://rotaractjpnagar.org/_next/image?url=%2Fimages%2Fhero%2Fslide-2.webp&w=3840&q=75","","0","Blocked by robots.txt","Non-Indexable","Blocked by robots.txt","","0","0","","0","0","","0","","0","","0","","0","","0","","","","","","","","","","0","0","0","0.000","","0","","","","","0.000","1","1","","0","0","0","0.000","0","0","0","0","0","0","","","","","","","","","","","","None","","","","","","https://rotaractjpnagar.org/_next/image?url=%2Fimages%2Fhero%2Fslide-2.webp&w=3840&q=75","2026-06-26 00:38:32"
"https://rotaractjpnagar.org/brand-center","text/html; charset=utf-8","200","OK","Non-Indexable","Canonicalised","Brand Center | Rotaract JP Nagar","32","293","Official logos & usage — Club (JP Nagar) and District 3191.","59","369","Rotaract Bangalore,Rotaract JP Nagar,Community Service,Rotary District 3191,Leadership,Fellowship","97","Brand Center","12","","0","","0","","0","index, follow","","","https://rotaractjpnagar.org/","","","","","","66641","9245","9245","1.370","","138","44","3.136","88.399","Easy","2.122","1","0","","18","8","0","100.000","24","18","0","7","6","0","","","","","10f5a474a19dc3d4ecf53e52e12f1427","0.411","","","","","en","1.1","","","","","","https://rotaractjpnagar.org/brand-center","2026-06-26 00:38:32"
"https://rotaractjpnagar.org/projects/ryla-2026-rotary-youth-leadership-awards-2","text/html; charset=utf-8","200","OK","Non-Indexable","Canonicalised","Rotaract Club of Bangalore JP Nagar","35","326","Official website of Rotaract Club of Bangalore JP Nagar, RI District 3191. Developing leadership through service and fellowship.","128","801","Rotaract Bangalore,Rotaract JP Nagar,Community Service,Rotary District 3191,Leadership,Fellowship","97","RYLA 2026 – Rotary Youth Leadership Awards - 2","46","","0","Project Description","19","","0","index, follow","","","https://rotaractjpnagar.org/","","","","","","53308","9999","9999","1.482","","341","52","6.558","42.887","Hard","5.448","1","1","","1","1","0","12.500","12","5","0","7","6","0","","","","","5c6f0c9acf2eb84f383190d8be8a41c0","0.497","","","","","en","1.1","","","","","","https://rotaractjpnagar.org/projects/ryla-2026-rotary-youth-leadership-awards-2","2026-06-26 00:38:32"
"https://rotaractjpnagar.org/about","text/html; charset=utf-8","200","OK","Non-Indexable","Canonicalised","About Us | Rotaract Bangalore JP Nagar | Rotaract JP Nagar","58","531","Learn about Rotaract Club of Bangalore JP Nagar - a youth-led Rotary organization providing community service, fellowship, networking, and leadership opportunities in South Bengaluru.","183","1170","About Rotaract,Rotaract Bangalore,youth organization Bengaluru,community service club,Rotary youth","98","About Us","8","","0","About Rotaract","14","About Rotaract JP Nagar","23","index, follow","","","https://rotaractjpnagar.org/","","","","","","59873","11295","11295","1.674","","306","55","5.564","48.023","Hard","4.463","1","0","","21","8","0","100.000","14","5","0","8","7","0","","","","","b860ed7908183b16817933c3f73df07f","0.522","","","","","en","1.1","","","","","","https://rotaractjpnagar.org/about","2026-06-26 00:38:32"
"https://rotaractjpnagar.org/_next/static/chunks/d2be314c3ece3fbe.js","","0","Blocked by robots.txt","Non-Indexable","Blocked by robots.txt","","0","0","","0","0","","0","","0","","0","","0","","0","","","","","","","","","","0","0","0","0.000","","0","","","","","0.000","1","3","","0","0","0","0.000","0","0","0","0","0","0","","","","","","","","","","","","None","","","","","","https://rotaractjpnagar.org/_next/static/chunks/d2be314c3ece3fbe.js","2026-06-26 00:38:33"
"https://rotaractjpnagar.org/projects/royal-sports-meet-athletics","text/html; charset=utf-8","200","OK","Non-Indexable","Canonicalised","Rotaract Club of Bangalore JP Nagar","35","326","Official website of Rotaract Club of Bangalore JP Nagar, RI District 3191. Developing leadership through service and fellowship.","128","801","Rotaract Bangalore,Rotaract JP Nagar,Community Service,Rotary District 3191,Leadership,Fellowship","97","Royal Sports Meet – Athletics","29","","0","Project Description","19","","0","index, follow","","","https://rotaractjpnagar.org/","","","","","","53271","10115","10115","1.499","","346","54","6.407","50.937","Fairly Hard","5.532","1","1","","1","1","0","12.500","12","5","0","7","6","0","","","","","2a81b4f7779241c4d885e0407bc3cc97","0.704","","","","","en","1.1","","","","","","https://rotaractjpnagar.org/projects/royal-sports-meet-athletics","2026-06-26 00:38:32"
"https://rotaractjpnagar.org/_next/image?url=https%3A%2F%2Frotashowcase-public-uploads.s3.ap-south-1.amazonaws.com%2F3191%2Fuploads%2Fo67h4-D_l1dIG6ltGSMIg.jpeg&w=3840&q=75","","0","Blocked by robots.txt","Non-Indexable","Blocked by robots.txt","","0","0","","0","0","","0","","0","","0","","0","","0","","","","","","","","","","0","0","0","0.000","","0","","","","","0.000","1","1","","0","0","0","0.000","0","0","0","0","0","0","","","","","","","","","","","","None","","","","","","https://rotaractjpnagar.org/_next/image?url=https%3A%2F%2Frotashowcase-public-uploads.s3.ap-south-1.amazonaws.com%2F3191%2Fuploads%2Fo67h4-D_l1dIG6ltGSMIg.jpeg&w=3840&q=75","2026-06-26 00:38:33"
"https://rotaractjpnagar.org/_next/image?url=%2Fimages%2Fhero%2Fslide-3.webp&w=3840&q=75","","0","Blocked by robots.txt","Non-Indexable","Blocked by robots.txt","","0","0","","0","0","","0","","0","","0","","0","","0","","","","","","","","","","0","0","0","0.000","","0","","","","","0.000","1","1","","0","0","0","0.000","0","0","0","0","0","0","","","","","","","","","","","","None","","","","","","https://rotaractjpnagar.org/_next/image?url=%2Fimages%2Fhero%2Fslide-3.webp&w=3840&q=75","2026-06-26 00:38:33"
"https://rotaractjpnagar.org/_next/static/chunks/82abf2d65f5428ae.js","","0","Blocked by robots.txt","Non-Indexable","Blocked by robots.txt","","0","0","","0","0","","0","","0","","0","","0","","0","","","","","","","","","","0","0","0","0.000","","0","","","","","0.000","1","3","","0","0","0","0.000","0","0","0","0","0","0","","","","","","","","","","","","None","","","","","","https://rotaractjpnagar.org/_next/static/chunks/82abf2d65f5428ae.js","2026-06-26 00:38:33"
"https://rotaractjpnagar.org/_next/static/chunks/turbopack-88d6c08b7a6d4aa9.js","","0","Blocked by robots.txt","Non-Indexable","Blocked by robots.txt","","0","0","","0","0","","0","","0","","0","","0","","0","","","","","","","","","","0","0","0","0.000","","0","","","","","0.000","1","3","","0","0","0","0.000","0","0","0","0","0","0","","","","","","","","","","","","None","","","","","","https://rotaractjpnagar.org/_next/static/chunks/turbopack-88d6c08b7a6d4aa9.js","2026-06-26 00:38:33"
"https://rotaractjpnagar.org/team","text/html; charset=utf-8","200","OK","Non-Indexable","Canonicalised","Rotaract Club of Bangalore JP Nagar","35","326","Official website of Rotaract Club of Bangalore JP Nagar, RI District 3191. Developing leadership through service and fellowship.","128","801","Rotaract Bangalore,Rotaract JP Nagar,Community Service,Rotary District 3191,Leadership,Fellowship","97","Our Team","8","","0","Leadership & Members","20","Want to join us?","16","index, follow","","","https://rotaractjpnagar.org/","","","","","","77931","10735","10735","1.591","","229","94","2.436","82.080","Easy","2.505","1","0","","19","8","0","100.000","13","5","0","7","6","0","","","","","42b98ccc77c81a5145272d684b5b5647","0.496","","","","","en","1.1","","","","","","https://rotaractjpnagar.org/team","2026-06-26 00:38:33"
"https://rotaractjpnagar.org/_next/image?url=https%3A%2F%2Frotashowcase-public-uploads.s3.ap-south-1.amazonaws.com%2F3191%2Fuploads%2Fm6Ior8qsqAoPuYoy7EvuX.jpeg&w=3840&q=75","","0","Blocked by robots.txt","Non-Indexable","Blocked by robots.txt","","0","0","","0","0","","0","","0","","0","","0","","0","","","","","","","","","","0","0","0","0.000","","0","","","","","0.000","1","1","","0","0","0","0.000","0","0","0","0","0","0","","","","","","","","","","","","None","","","","","","https://rotaractjpnagar.org/_next/image?url=https%3A%2F%2Frotashowcase-public-uploads.s3.ap-south-1.amazonaws.com%2F3191%2Fuploads%2Fm6Ior8qsqAoPuYoy7EvuX.jpeg&w=3840&q=75","2026-06-26 00:38:34"
"https://rotaractjpnagar.org/_next/image?url=%2Fimages%2Flogos%2FRaCJPN-Cranberry-UniteForGood-Regular.png&w=1080&q=75","","0","Blocked by robots.txt","Non-Indexable","Blocked by robots.txt","","0","0","","0","0","","0","","0","","0","","0","","0","","","","","","","","","","0","0","0","0.000","","0","","","","","0.000","1","1","","0","0","0","0.000","0","0","0","0","0","0","","","","","","","","","","","","None","","","","","","https://rotaractjpnagar.org/_next/image?url=%2Fimages%2Flogos%2FRaCJPN-Cranberry-UniteForGood-Regular.png&w=1080&q=75","2026-06-26 00:38:34"
"https://rotaractjpnagar.org/_next/image?url=%2Fimages%2Flogos%2FRaCJPN-White-UniteForGood-Regular.png&w=3840&q=75","","0","Blocked by robots.txt","Non-Indexable","Blocked by robots.txt","","0","0","","0","0","","0","","0","","0","","0","","0","","","","","","","","","","0","0","0","0.000","","0","","","","","0.000","1","1","","0","0","0","0.000","0","0","0","0","0","0","","","","","","","","","","","","None","","","","","","https://rotaractjpnagar.org/_next/image?url=%2Fimages%2Flogos%2FRaCJPN-White-UniteForGood-Regular.png&w=3840&q=75","2026-06-26 00:38:34"
"https://rotaractjpnagar.org/_next/static/chunks/72840f48d190b28e.js","","0","Blocked by robots.txt","Non-Indexable","Blocked by robots.txt","","0","0","","0","0","","0","","0","","0","","0","","0","","","","","","","","","","0","0","0","0.000","","0","","","","","0.000","1","3","","0","0","0","0.000","0","0","0","0","0","0","","","","","","","","","","","","None","","","","","","https://rotaractjpnagar.org/_next/static/chunks/72840f48d190b28e.js","2026-06-26 00:38:34"
"https://rotaractjpnagar.org/_next/static/chunks/4f3301f42ad9e8b8.js","","0","Blocked by robots.txt","Non-Indexable","Blocked by robots.txt","","0","0","","0","0","","0","","0","","0","","0","","0","","","","","","","","","","0","0","0","0.000","","0","","","","","0.000","1","3","","0","0","0","0.000","0","0","0","0","0","0","","","","","","","","","","","","None","","","","","","https://rotaractjpnagar.org/_next/static/chunks/4f3301f42ad9e8b8.js","2026-06-26 00:38:34"
"https://rotaractjpnagar.org/_next/static/chunks/aee6c7720838f8a2.js","","0","Blocked by robots.txt","Non-Indexable","Blocked by robots.txt","","0","0","","0","0","","0","","0","","0","","0","","0","","","","","","","","","","0","0","0","0.000","","0","","","","","0.000","1","3","","0","0","0","0.000","0","0","0","0","0","0","","","","","","","","","","","","None","","","","","","https://rotaractjpnagar.org/_next/static/chunks/aee6c7720838f8a2.js","2026-06-26 00:38:34"
"https://rotaractjpnagar.org/_next/image?url=%2Fimages%2Fteam%2Fprerana.webp&w=3840&q=75","","0","Blocked by robots.txt","Non-Indexable","Blocked by robots.txt","","0","0","","0","0","","0","","0","","0","","0","","0","","","","","","","","","","0","0","0","0.000","","0","","","","","0.000","1","1","","0","0","0","0.000","0","0","0","0","0","0","","","","","","","","","","","","None","","","","","","https://rotaractjpnagar.org/_next/image?url=%2Fimages%2Fteam%2Fprerana.webp&w=3840&q=75","2026-06-26 00:38:34"
"https://rotaractjpnagar.org/_next/image?url=https%3A%2F%2Frotashowcase-public-uploads.s3.ap-south-1.amazonaws.com%2F3191%2Fuploads%2Fv6fVr_BQEE8W53QF2q1Mc.jpeg&w=3840&q=75","","0","Blocked by robots.txt","Non-Indexable","Blocked by robots.txt","","0","0","","0","0","","0","","0","","0","","0","","0","","","","","","","","","","0","0","0","0.000","","0","","","","","0.000","1","1","","0","0","0","0.000","0","0","0","0","0","0","","","","","","","","","","","","None","","","","","","https://rotaractjpnagar.org/_next/image?url=https%3A%2F%2Frotashowcase-public-uploads.s3.ap-south-1.amazonaws.com%2F3191%2Fuploads%2Fv6fVr_BQEE8W53QF2q1Mc.jpeg&w=3840&q=75","2026-06-26 00:38:34"
"https://rotaractjpnagar.org/_next/image?url=%2Fimages%2Fteam%2Fgeetha.webp&w=3840&q=75","","0","Blocked by robots.txt","Non-Indexable","Blocked by robots.txt","","0","0","","0","0","","0","","0","","0","","0","","0","","","","","","","","","","0","0","0","0.000","","0","","","","","0.000","1","1","","0","0","0","0.000","0","0","0","0","0","0","","","","","","","","","","","","None","","","","","","https://rotaractjpnagar.org/_next/image?url=%2Fimages%2Fteam%2Fgeetha.webp&w=3840&q=75","2026-06-26 00:38:34"
"https://rotaractjpnagar.org/_next/image?url=%2Fimages%2Fteam%2FGirish_A_R.jpeg&w=3840&q=75","","0","Blocked by robots.txt","Non-Indexable","Blocked by robots.txt","","0","0","","0","0","","0","","0","","0","","0","","0","","","","","","","","","","0","0","0","0.000","","0","","","","","0.000","2","1","","0","0","0","0.000","0","0","0","0","0","0","","","","","","","","","","","","None","","","","","","https://rotaractjpnagar.org/_next/image?url=%2Fimages%2Fteam%2FGirish_A_R.jpeg&w=3840&q=75","2026-06-26 00:38:35"
"https://rotaractjpnagar.org/_next/image?url=%2Fimages%2Fteam%2FJ%20Niranjan.jpg&w=3840&q=75","","0","Blocked by robots.txt","Non-Indexable","Blocked by robots.txt","","0","0","","0","0","","0","","0","","0","","0","","0","","","","","","","","","","0","0","0","0.000","","0","","","","","0.000","2","1","","0","0","0","0.000","0","0","0","0","0","0","","","","","","","","","","","","None","","","","","","https://rotaractjpnagar.org/_next/image?url=%2Fimages%2Fteam%2FJ%20Niranjan.jpg&w=3840&q=75","2026-06-26 00:38:35"
"https://rotaractjpnagar.org/_next/image?url=%2Fimages%2Fteam%2FKrishna%20Daga.jpg&w=3840&q=75","","0","Blocked by robots.txt","Non-Indexable","Blocked by robots.txt","","0","0","","0","0","","0","","0","","0","","0","","0","","","","","","","","","","0","0","0","0.000","","0","","","","","0.000","2","1","","0","0","0","0.000","0","0","0","0","0","0","","","","","","","","","","","","None","","","","","","https://rotaractjpnagar.org/_next/image?url=%2Fimages%2Fteam%2FKrishna%20Daga.jpg&w=3840&q=75","2026-06-26 00:38:35"
"https://rotaractjpnagar.org/_next/image?url=%2Fimages%2Fteam%2FSrinidhi_Vanamamalai.jpg&w=3840&q=75","","0","Blocked by robots.txt","Non-Indexable","Blocked by robots.txt","","0","0","","0","0","","0","","0","","0","","0","","0","","","","","","","","","","0","0","0","0.000","","0","","","","","0.000","2","1","","0","0","0","0.000","0","0","0","0","0","0","","","","","","","","","","","","None","","","","","","https://rotaractjpnagar.org/_next/image?url=%2Fimages%2Fteam%2FSrinidhi_Vanamamalai.jpg&w=3840&q=75","2026-06-26 00:38:35"
"https://rotaractjpnagar.org/_next/image?url=%2Fimages%2Fteam%2FSarthak%20Lalwani.jpg&w=3840&q=75","","0","Blocked by robots.txt","Non-Indexable","Blocked by robots.txt","","0","0","","0","0","","0","","0","","0","","0","","0","","","","","","","","","","0","0","0","0.000","","0","","","","","0.000","2","1","","0","0","0","0.000","0","0","0","0","0","0","","","","","","","","","","","","None","","","","","","https://rotaractjpnagar.org/_next/image?url=%2Fimages%2Fteam%2FSarthak%20Lalwani.jpg&w=3840&q=75","2026-06-26 00:38:35"
"https://rotaractjpnagar.org/_next/image?url=%2Fimages%2Fteam%2FAkshatha_PB.jpeg&w=3840&q=75","","0","Blocked by robots.txt","Non-Indexable","Blocked by robots.txt","","0","0","","0","0","","0","","0","","0","","0","","0","","","","","","","","","","0","0","0","0.000","","0","","","","","0.000","2","1","","0","0","0","0.000","0","0","0","0","0","0","","","","","","","","","","","","None","","","","","","https://rotaractjpnagar.org/_next/image?url=%2Fimages%2Fteam%2FAkshatha_PB.jpeg&w=3840&q=75","2026-06-26 00:38:35"
"https://rotaractjpnagar.org/_next/image?url=%2Fimages%2Fteam%2FGanadhip_R.jpeg&w=3840&q=75","","0","Blocked by robots.txt","Non-Indexable","Blocked by robots.txt","","0","0","","0","0","","0","","0","","0","","0","","0","","","","","","","","","","0","0","0","0.000","","0","","","","","0.000","2","1","","0","0","0","0.000","0","0","0","0","0","0","","","","","","","","","","","","None","","","","","","https://rotaractjpnagar.org/_next/image?url=%2Fimages%2Fteam%2FGanadhip_R.jpeg&w=3840&q=75","2026-06-26 00:38:35"
"https://rotaractjpnagar.org/_next/image?url=%2Fimages%2Fteam%2FRtr._Sanjana_Sharma.jpg&w=3840&q=75","","0","Blocked by robots.txt","Non-Indexable","Blocked by robots.txt","","0","0","","0","0","","0","","0","","0","","0","","0","","","","","","","","","","0","0","0","0.000","","0","","","","","0.000","2","1","","0","0","0","0.000","0","0","0","0","0","0","","","","","","","","","","","","None","","","","","","https://rotaractjpnagar.org/_next/image?url=%2Fimages%2Fteam%2FRtr._Sanjana_Sharma.jpg&w=3840&q=75","2026-06-26 00:38:35"
"https://rotaractjpnagar.org/_next/image?url=%2Fimages%2Fteam%2FBALAJI.jpg&w=3840&q=75","","0","Blocked by robots.txt","Non-Indexable","Blocked by robots.txt","","0","0","","0","0","","0","","0","","0","","0","","0","","","","","","","","","","0","0","0","0.000","","0","","","","","0.000","2","1","","0","0","0","0.000","0","0","0","0","0","0","","","","","","","","","","","","None","","","","","","https://rotaractjpnagar.org/_next/image?url=%2Fimages%2Fteam%2FBALAJI.jpg&w=3840&q=75","2026-06-26 00:38:35"
"https://rotaractjpnagar.org/_next/image?url=%2Fimages%2Fteam%2FVignesh_V.JPG&w=3840&q=75","","0","Blocked by robots.txt","Non-Indexable","Blocked by robots.txt","","0","0","","0","0","","0","","0","","0","","0","","0","","","","","","","","","","0","0","0","0.000","","0","","","","","0.000","2","1","","0","0","0","0.000","0","0","0","0","0","0","","","","","","","","","","","","None","","","","","","https://rotaractjpnagar.org/_next/image?url=%2Fimages%2Fteam%2FVignesh_V.JPG&w=3840&q=75","2026-06-26 00:38:35"
"https://rotaractjpnagar.org/_next/image?url=%2Fimages%2Fteam%2FKarthik%20Jp.jpeg&w=3840&q=75","","0","Blocked by robots.txt","Non-Indexable","Blocked by robots.txt","","0","0","","0","0","","0","","0","","0","","0","","0","","","","","","","","","","0","0","0","0.000","","0","","","","","0.000","2","1","","0","0","0","0.000","0","0","0","0","0","0","","","","","","","","","","","","None","","","","","","https://rotaractjpnagar.org/_next/image?url=%2Fimages%2Fteam%2FKarthik%20Jp.jpeg&w=3840&q=75","2026-06-26 00:38:35"
"https://rotaractjpnagar.org/_next/image?url=%2Fimages%2Fteam%2FSrinivas_Iyengar.jpeg&w=3840&q=75","","0","Blocked by robots.txt","Non-Indexable","Blocked by robots.txt","","0","0","","0","0","","0","","0","","0","","0","","0","","","","","","","","","","0","0","0","0.000","","0","","","","","0.000","2","1","","0","0","0","0.000","0","0","0","0","0","0","","","","","","","","","","","","None","","","","","","https://rotaractjpnagar.org/_next/image?url=%2Fimages%2Fteam%2FSrinivas_Iyengar.jpeg&w=3840&q=75","2026-06-26 00:38:35"
"https://rotaractjpnagar.org/_next/image?url=%2Fimages%2Fteam%2FNiteshwar.jpg&w=3840&q=75","","0","Blocked by robots.txt","Non-Indexable","Blocked by robots.txt","","0","0","","0","0","","0","","0","","0","","0","","0","","","","","","","","","","0","0","0","0.000","","0","","","","","0.000","2","1","","0","0","0","0.000","0","0","0","0","0","0","","","","","","","","","","","","None","","","","","","https://rotaractjpnagar.org/_next/image?url=%2Fimages%2Fteam%2FNiteshwar.jpg&w=3840&q=75","2026-06-26 00:38:35"
"https://rotaractjpnagar.org/_next/image?url=%2Fimages%2Fteam%2FVIJAY%20V.jpg&w=3840&q=75","","0","Blocked by robots.txt","Non-Indexable","Blocked by robots.txt","","0","0","","0","0","","0","","0","","0","","0","","0","","","","","","","","","","0","0","0","0.000","","0","","","","","0.000","2","1","","0","0","0","0.000","0","0","0","0","0","0","","","","","","","","","","","","None","","","","","","https://rotaractjpnagar.org/_next/image?url=%2Fimages%2Fteam%2FVIJAY%20V.jpg&w=3840&q=75","2026-06-26 00:38:35"
"https://rotaractjpnagar.org/_next/static/chunks/5720fdbc894588a6.js","","0","Blocked by robots.txt","Non-Indexable","Blocked by robots.txt","","0","0","","0","0","","0","","0","","0","","0","","0","","","","","","","","","","0","0","0","0.000","","0","","","","","0.000","2","3","","0","0","0","0.000","0","0","0","0","0","0","","","","","","","","","","","","None","","","","","","https://rotaractjpnagar.org/_next/static/chunks/5720fdbc894588a6.js","2026-06-26 00:38:35"
"https://rotaractjpnagar.org/_next/image?url=%2Fimages%2Fteam%2FRoopashree%20HS.jpeg&w=3840&q=75","","0","Blocked by robots.txt","Non-Indexable","Blocked by robots.txt","","0","0","","0","0","","0","","0","","0","","0","","0","","","","","","","","","","0","0","0","0.000","","0","","","","","0.000","2","1","","0","0","0","0.000","0","0","0","0","0","0","","","","","","","","","","","","None","","","","","","https://rotaractjpnagar.org/_next/image?url=%2Fimages%2Fteam%2FRoopashree%20HS.jpeg&w=3840&q=75","2026-06-26 00:38:35"
"https://rotaractjpnagar.org/_next/image?url=%2Fimages%2Fteam%2FKarthik_Chikmath.jpeg&w=3840&q=75","","0","Blocked by robots.txt","Non-Indexable","Blocked by robots.txt","","0","0","","0","0","","0","","0","","0","","0","","0","","","","","","","","","","0","0","0","0.000","","0","","","","","0.000","2","1","","0","0","0","0.000","0","0","0","0","0","0","","","","","","","","","","","","None","","","","","","https://rotaractjpnagar.org/_next/image?url=%2Fimages%2Fteam%2FKarthik_Chikmath.jpeg&w=3840&q=75","2026-06-26 00:38:35"
"https://rotaractjpnagar.org/_next/image?url=%2Fimages%2Fteam%2FBrinda%20V.jpeg&w=3840&q=75","","0","Blocked by robots.txt","Non-Indexable","Blocked by robots.txt","","0","0","","0","0","","0","","0","","0","","0","","0","","","","","","","","","","0","0","0","0.000","","0","","","","","0.000","2","1","","0","0","0","0.000","0","0","0","0","0","0","","","","","","","","","","","","None","","","","","","https://rotaractjpnagar.org/_next/image?url=%2Fimages%2Fteam%2FBrinda%20V.jpeg&w=3840&q=75","2026-06-26 00:38:35"
"https://rotaractjpnagar.org/_next/image?url=%2Fimages%2Fteam%2FVarsha%20Ramdas%20(1).jpg&w=3840&q=75","","0","Blocked by robots.txt","Non-Indexable","Blocked by robots.txt","","0","0","","0","0","","0","","0","","0","","0","","0","","","","","","","","","","0","0","0","0.000","","0","","","","","0.000","2","1","","0","0","0","0.000","0","0","0","0","0","0","","","","","","","","","","","","None","","","","","","https://rotaractjpnagar.org/_next/image?url=%2Fimages%2Fteam%2FVarsha%20Ramdas%20(1).jpg&w=3840&q=75","2026-06-26 00:38:35"
"https://rotaractjpnagar.org/_next/image?url=%2Fimages%2Fteam%2FUllas_Srinivasa.jpeg&w=3840&q=75","","0","Blocked by robots.txt","Non-Indexable","Blocked by robots.txt","","0","0","","0","0","","0","","0","","0","","0","","0","","","","","","","","","","0","0","0","0.000","","0","","","","","0.000","2","1","","0","0","0","0.000","0","0","0","0","0","0","","","","","","","","","","","","None","","","","","","https://rotaractjpnagar.org/_next/image?url=%2Fimages%2Fteam%2FUllas_Srinivasa.jpeg&w=3840&q=75","2026-06-26 00:38:35"
"https://rotaractjpnagar.org/_next/image?url=%2Fimages%2Fteam%2FAdishesha_Sairam_KB.jpeg&w=3840&q=75","","0","Blocked by robots.txt","Non-Indexable","Blocked by robots.txt","","0","0","","0","0","","0","","0","","0","","0","","0","","","","","","","","","","0","0","0","0.000","","0","","","","","0.000","2","1","","0","0","0","0.000","0","0","0","0","0","0","","","","","","","","","","","","None","","","","","","https://rotaractjpnagar.org/_next/image?url=%2Fimages%2Fteam%2FAdishesha_Sairam_KB.jpeg&w=3840&q=75","2026-06-26 00:38:35"
"https://rotaractjpnagar.org/_next/image?url=%2Fimages%2Fteam%2FNiranjan_K.jpg&w=3840&q=75","","0","Blocked by robots.txt","Non-Indexable","Blocked by robots.txt","","0","0","","0","0","","0","","0","","0","","0","","0","","","","","","","","","","0","0","0","0.000","","0","","","","","0.000","2","1","","0","0","0","0.000","0","0","0","0","0","0","","","","","","","","","","","","None","","","","","","https://rotaractjpnagar.org/_next/image?url=%2Fimages%2Fteam%2FNiranjan_K.jpg&w=3840&q=75","2026-06-26 00:38:35"
"https://rotaractjpnagar.org/_next/image?url=%2Fimages%2Fteam%2FAdithya_N.jpg&w=3840&q=75","","0","Blocked by robots.txt","Non-Indexable","Blocked by robots.txt","","0","0","","0","0","","0","","0","","0","","0","","0","","","","","","","","","","0","0","0","0.000","","0","","","","","0.000","2","1","","0","0","0","0.000","0","0","0","0","0","0","","","","","","","","","","","","None","","","","","","https://rotaractjpnagar.org/_next/image?url=%2Fimages%2Fteam%2FAdithya_N.jpg&w=3840&q=75","2026-06-26 00:38:35"
"https://rotaractjpnagar.org/projects","text/html; charset=utf-8","200","OK","Non-Indexable","Canonicalised","Projects | Community Service Initiatives | Rotaract JP Nagar","60","526","Explore Rotaract Club of Bangalore JP Nagar's community service projects. From health camps to environmental drives, see how we're making an impact in Bengaluru.","161","1055","Rotaract projects,community service Bangalore,volunteer projects Bengaluru,social impact Karnataka,youth service initiatives","124","Our Projects","12","","0","","0","","0","index, follow","","","https://rotaractjpnagar.org/","","","","","","361225","66837","66837","9.905","","9810","1450","6.766","48.973","Hard","18.737","1","0","","24","8","0","100.000","12","5","0","7","6","0","","","","","4518df6589d26b61f5bb0cf2f4ef1d0d","0.498","","","","","en","1.1","","","","","","https://rotaractjpnagar.org/projects","2026-06-26 00:38:34"
"https://rotaractjpnagar.org/_next/image?url=https%3A%2F%2Frotashowcase-public-uploads.s3.ap-south-1.amazonaws.com%2F3191%2Fuploads%2FcFUROHr_NyuvbehvnuI4R.jpg&w=3840&q=75","","0","Blocked by robots.txt","Non-Indexable","Blocked by robots.txt","","0","0","","0","0","","0","","0","","0","","0","","0","","","","","","","","","","0","0","0","0.000","","0","","","","","0.000","2","1","","0","0","0","0.000","0","0","0","0","0","0","","","","","","","","","","","","None","","","","","","https://rotaractjpnagar.org/_next/image?url=https%3A%2F%2Frotashowcase-public-uploads.s3.ap-south-1.amazonaws.com%2F3191%2Fuploads%2FcFUROHr_NyuvbehvnuI4R.jpg&w=3840&q=75","2026-06-26 00:38:35"
"https://rotaractjpnagar.org/_next/image?url=https%3A%2F%2Frotashowcase-public-uploads.s3.ap-south-1.amazonaws.com%2F3191%2Fuploads%2FV_3rzb4VCWl2l59XBRKS9.jpg&w=3840&q=75","","0","Blocked by robots.txt","Non-Indexable","Blocked by robots.txt","","0","0","","0","0","","0","","0","","0","","0","","0","","","","","","","","","","0","0","0","0.000","","0","","","","","0.000","2","1","","0","0","0","0.000","0","0","0","0","0","0","","","","","","","","","","","","None","","","","","","https://rotaractjpnagar.org/_next/image?url=https%3A%2F%2Frotashowcase-public-uploads.s3.ap-south-1.amazonaws.com%2F3191%2Fuploads%2FV_3rzb4VCWl2l59XBRKS9.jpg&w=3840&q=75","2026-06-26 00:38:35"
"https://rotaractjpnagar.org/_next/image?url=https%3A%2F%2Frotashowcase-public-uploads.s3.ap-south-1.amazonaws.com%2F3191%2Fuploads%2FsYVJKbeHwd08LnsNf5MSG.jpg&w=3840&q=75","","0","Blocked by robots.txt","Non-Indexable","Blocked by robots.txt","","0","0","","0","0","","0","","0","","0","","0","","0","","","","","","","","","","0","0","0","0.000","","0","","","","","0.000","2","1","","0","0","0","0.000","0","0","0","0","0","0","","","","","","","","","","","","None","","","","","","https://rotaractjpnagar.org/_next/image?url=https%3A%2F%2Frotashowcase-public-uploads.s3.ap-south-1.amazonaws.com%2F3191%2Fuploads%2FsYVJKbeHwd08LnsNf5MSG.jpg&w=3840&q=75","2026-06-26 00:38:35"
"https://rotaractjpnagar.org/_next/image?url=https%3A%2F%2Frotashowcase-public-uploads.s3.ap-south-1.amazonaws.com%2F3191%2Fuploads%2FTT9zrbO0HyVCbscb7qwwE.jpg&w=3840&q=75","","0","Blocked by robots.txt","Non-Indexable","Blocked by robots.txt","","0","0","","0","0","","0","","0","","0","","0","","0","","","","","","","","","","0","0","0","0.000","","0","","","","","0.000","2","1","","0","0","0","0.000","0","0","0","0","0","0","","","","","","","","","","","","None","","","","","","https://rotaractjpnagar.org/_next/image?url=https%3A%2F%2Frotashowcase-public-uploads.s3.ap-south-1.amazonaws.com%2F3191%2Fuploads%2FTT9zrbO0HyVCbscb7qwwE.jpg&w=3840&q=75","2026-06-26 00:38:35"
"https://rotaractjpnagar.org/_next/image?url=https%3A%2F%2Frotashowcase-public-uploads.s3.ap-south-1.amazonaws.com%2F3191%2Fuploads%2F3SyXeAqKHL4nam_fgkI-4.jpeg&w=3840&q=75","","0","Blocked by robots.txt","Non-Indexable","Blocked by robots.txt","","0","0","","0","0","","0","","0","","0","","0","","0","","","","","","","","","","0","0","0","0.000","","0","","","","","0.000","2","1","","0","0","0","0.000","0","0","0","0","0","0","","","","","","","","","","","","None","","","","","","https://rotaractjpnagar.org/_next/image?url=https%3A%2F%2Frotashowcase-public-uploads.s3.ap-south-1.amazonaws.com%2F3191%2Fuploads%2F3SyXeAqKHL4nam_fgkI-4.jpeg&w=3840&q=75","2026-06-26 00:38:35"
"https://rotaractjpnagar.org/_next/image?url=https%3A%2F%2Frotashowcase-public-uploads.s3.ap-south-1.amazonaws.com%2F3191%2Fuploads%2FPT8rXT8cMmrT2H20rnH2z.jpg&w=3840&q=75","","0","Blocked by robots.txt","Non-Indexable","Blocked by robots.txt","","0","0","","0","0","","0","","0","","0","","0","","0","","","","","","","","","","0","0","0","0.000","","0","","","","","0.000","2","1","","0","0","0","0.000","0","0","0","0","0","0","","","","","","","","","","","","None","","","","","","https://rotaractjpnagar.org/_next/image?url=https%3A%2F%2Frotashowcase-public-uploads.s3.ap-south-1.amazonaws.com%2F3191%2Fuploads%2FPT8rXT8cMmrT2H20rnH2z.jpg&w=3840&q=75","2026-06-26 00:38:35"
"https://rotaractjpnagar.org/_next/image?url=https%3A%2F%2Frotashowcase-public-uploads.s3.ap-south-1.amazonaws.com%2F3191%2Fuploads%2FKiVIOXeDRfQgjfhc5eKUr.jpg&w=3840&q=75","","0","Blocked by robots.txt","Non-Indexable","Blocked by robots.txt","","0","0","","0","0","","0","","0","","0","","0","","0","","","","","","","","","","0","0","0","0.000","","0","","","","","0.000","2","1","","0","0","0","0.000","0","0","0","0","0","0","","","","","","","","","","","","None","","","","","","https://rotaractjpnagar.org/_next/image?url=https%3A%2F%2Frotashowcase-public-uploads.s3.ap-south-1.amazonaws.com%2F3191%2Fuploads%2FKiVIOXeDRfQgjfhc5eKUr.jpg&w=3840&q=75","2026-06-26 00:38:35"
"https://rotaractjpnagar.org/_next/image?url=https%3A%2F%2Frotashowcase-public-uploads.s3.ap-south-1.amazonaws.com%2F3191%2Fuploads%2FTEUvmQ2iu75lwzdcNzEiW.jpeg&w=3840&q=75","","0","Blocked by robots.txt","Non-Indexable","Blocked by robots.txt","","0","0","","0","0","","0","","0","","0","","0","","0","","","","","","","","","","0","0","0","0.000","","0","","","","","0.000","2","1","","0","0","0","0.000","0","0","0","0","0","0","","","","","","","","","","","","None","","","","","","https://rotaractjpnagar.org/_next/image?url=https%3A%2F%2Frotashowcase-public-uploads.s3.ap-south-1.amazonaws.com%2F3191%2Fuploads%2FTEUvmQ2iu75lwzdcNzEiW.jpeg&w=3840&q=75","2026-06-26 00:38:35"
"https://rotaractjpnagar.org/_next/image?url=https%3A%2F%2Frotashowcase-public-uploads.s3.ap-south-1.amazonaws.com%2F3191%2Fuploads%2F20m6EvpicANnnsSMPc8pC.jpg&w=3840&q=75","","0","Blocked by robots.txt","Non-Indexable","Blocked by robots.txt","","0","0","","0","0","","0","","0","","0","","0","","0","","","","","","","","","","0","0","0","0.000","","0","","","","","0.000","2","1","","0","0","0","0.000","0","0","0","0","0","0","","","","","","","","","","","","None","","","","","","https://rotaractjpnagar.org/_next/image?url=https%3A%2F%2Frotashowcase-public-uploads.s3.ap-south-1.amazonaws.com%2F3191%2Fuploads%2F20m6EvpicANnnsSMPc8pC.jpg&w=3840&q=75","2026-06-26 00:38:35"
"https://rotaractjpnagar.org/_next/image?url=https%3A%2F%2Frotashowcase-public-uploads.s3.ap-south-1.amazonaws.com%2F3191%2Fuploads%2FCtnyP30RHhB4MQ3b5TddS.jpeg&w=3840&q=75","","0","Blocked by robots.txt","Non-Indexable","Blocked by robots.txt","","0","0","","0","0","","0","","0","","0","","0","","0","","","","","","","","","","0","0","0","0.000","","0","","","","","0.000","2","1","","0","0","0","0.000","0","0","0","0","0","0","","","","","","","","","","","","None","","","","","","https://rotaractjpnagar.org/_next/image?url=https%3A%2F%2Frotashowcase-public-uploads.s3.ap-south-1.amazonaws.com%2F3191%2Fuploads%2FCtnyP30RHhB4MQ3b5TddS.jpeg&w=3840&q=75","2026-06-26 00:38:35"
"https://rotaractjpnagar.org/_next/image?url=https%3A%2F%2Frotashowcase-public-uploads.s3.ap-south-1.amazonaws.com%2F3191%2Fuploads%2FBXlJ5apd_hxb5wu_-eOEw.jpg&w=3840&q=75","","0","Blocked by robots.txt","Non-Indexable","Blocked by robots.txt","","0","0","","0","0","","0","","0","","0","","0","","0","","","","","","","","","","0","0","0","0.000","","0","","","","","0.000","2","1","","0","0","0","0.000","0","0","0","0","0","0","","","","","","","","","","","","None","","","","","","https://rotaractjpnagar.org/_next/image?url=https%3A%2F%2Frotashowcase-public-uploads.s3.ap-south-1.amazonaws.com%2F3191%2Fuploads%2FBXlJ5apd_hxb5wu_-eOEw.jpg&w=3840&q=75","2026-06-26 00:38:35"
"https://rotaractjpnagar.org/_next/image?url=https%3A%2F%2Frotashowcase-public-uploads.s3.ap-south-1.amazonaws.com%2F3191%2Fuploads%2FQCUaT3tHCPxYHC4s-xhQn.png&w=3840&q=75","","0","Blocked by robots.txt","Non-Indexable","Blocked by robots.txt","","0","0","","0","0","","0","","0","","0","","0","","0","","","","","","","","","","0","0","0","0.000","","0","","","","","0.000","2","1","","0","0","0","0.000","0","0","0","0","0","0","","","","","","","","","","","","None","","","","","","https://rotaractjpnagar.org/_next/image?url=https%3A%2F%2Frotashowcase-public-uploads.s3.ap-south-1.amazonaws.com%2F3191%2Fuploads%2FQCUaT3tHCPxYHC4s-xhQn.png&w=3840&q=75","2026-06-26 00:38:35"
"https://rotaractjpnagar.org/_next/image?url=https%3A%2F%2Frotashowcase-public-uploads.s3.ap-south-1.amazonaws.com%2F3191%2Fuploads%2FWYmJsMMYyRoB9EQq_snRf.jpeg&w=3840&q=75","","0","Blocked by robots.txt","Non-Indexable","Blocked by robots.txt","","0","0","","0","0","","0","","0","","0","","0","","0","","","","","","","","","","0","0","0","0.000","","0","","","","","0.000","2","1","","0","0","0","0.000","0","0","0","0","0","0","","","","","","","","","","","","None","","","","","","https://rotaractjpnagar.org/_next/image?url=https%3A%2F%2Frotashowcase-public-uploads.s3.ap-south-1.amazonaws.com%2F3191%2Fuploads%2FWYmJsMMYyRoB9EQq_snRf.jpeg&w=3840&q=75","2026-06-26 00:38:35"
"https://rotaractjpnagar.org/_next/image?url=https%3A%2F%2Frotashowcase-public-uploads.s3.ap-south-1.amazonaws.com%2F3191%2Fuploads%2FMOpUf3loEF8m_SQFZCByo.jpeg&w=3840&q=75","","0","Blocked by robots.txt","Non-Indexable","Blocked by robots.txt","","0","0","","0","0","","0","","0","","0","","0","","0","","","","","","","","","","0","0","0","0.000","","0","","","","","0.000","2","1","","0","0","0","0.000","0","0","0","0","0","0","","","","","","","","","","","","None","","","","","","https://rotaractjpnagar.org/_next/image?url=https%3A%2F%2Frotashowcase-public-uploads.s3.ap-south-1.amazonaws.com%2F3191%2Fuploads%2FMOpUf3loEF8m_SQFZCByo.jpeg&w=3840&q=75","2026-06-26 00:38:35"
"https://rotaractjpnagar.org/_next/image?url=https%3A%2F%2Frotashowcase-public-uploads.s3.ap-south-1.amazonaws.com%2F3191%2Fuploads%2F_bv4QfXG1JYqof1qWgI_B.jpg&w=3840&q=75","","0","Blocked by robots.txt","Non-Indexable","Blocked by robots.txt","","0","0","","0","0","","0","","0","","0","","0","","0","","","","","","","","","","0","0","0","0.000","","0","","","","","0.000","2","1","","0","0","0","0.000","0","0","0","0","0","0","","","","","","","","","","","","None","","","","","","https://rotaractjpnagar.org/_next/image?url=https%3A%2F%2Frotashowcase-public-uploads.s3.ap-south-1.amazonaws.com%2F3191%2Fuploads%2F_bv4QfXG1JYqof1qWgI_B.jpg&w=3840&q=75","2026-06-26 00:38:35"
"https://rotaractjpnagar.org/_next/image?url=https%3A%2F%2Frotashowcase-public-uploads.s3.ap-south-1.amazonaws.com%2F3191%2Fuploads%2FmG5b5fupBoIM2W6BRdaG3.jpg&w=3840&q=75","","0","Blocked by robots.txt","Non-Indexable","Blocked by robots.txt","","0","0","","0","0","","0","","0","","0","","0","","0","","","","","","","","","","0","0","0","0.000","","0","","","","","0.000","2","1","","0","0","0","0.000","0","0","0","0","0","0","","","","","","","","","","","","None","","","","","","https://rotaractjpnagar.org/_next/image?url=https%3A%2F%2Frotashowcase-public-uploads.s3.ap-south-1.amazonaws.com%2F3191%2Fuploads%2FmG5b5fupBoIM2W6BRdaG3.jpg&w=3840&q=75","2026-06-26 00:38:35"
"https://rotaractjpnagar.org/_next/image?url=https%3A%2F%2Frotashowcase-public-uploads.s3.ap-south-1.amazonaws.com%2F3191%2Fuploads%2F7sLAyuSY-bfa6bFO1pwCy.jpg&w=3840&q=75","","0","Blocked by robots.txt","Non-Indexable","Blocked by robots.txt","","0","0","","0","0","","0","","0","","0","","0","","0","","","","","","","","","","0","0","0","0.000","","0","","","","","0.000","2","1","","0","0","0","0.000","0","0","0","0","0","0","","","","","","","","","","","","None","","","","","","https://rotaractjpnagar.org/_next/image?url=https%3A%2F%2Frotashowcase-public-uploads.s3.ap-south-1.amazonaws.com%2F3191%2Fuploads%2F7sLAyuSY-bfa6bFO1pwCy.jpg&w=3840&q=75","2026-06-26 00:38:35"
"https://rotaractjpnagar.org/_next/image?url=https%3A%2F%2Frotashowcase-public-uploads.s3.ap-south-1.amazonaws.com%2F3191%2Fuploads%2FdrXDDKUKHDrvqq9slq4mK.jpg&w=3840&q=75","","0","Blocked by robots.txt","Non-Indexable","Blocked by robots.txt","","0","0","","0","0","","0","","0","","0","","0","","0","","","","","","","","","","0","0","0","0.000","","0","","","","","0.000","2","1","","0","0","0","0.000","0","0","0","0","0","0","","","","","","","","","","","","None","","","","","","https://rotaractjpnagar.org/_next/image?url=https%3A%2F%2Frotashowcase-public-uploads.s3.ap-south-1.amazonaws.com%2F3191%2Fuploads%2FdrXDDKUKHDrvqq9slq4mK.jpg&w=3840&q=75","2026-06-26 00:38:35"
"https://rotaractjpnagar.org/_next/image?url=https%3A%2F%2Frotashowcase-public-uploads.s3.ap-south-1.amazonaws.com%2F3191%2Fuploads%2FSQ9430AgnljbXUoIsiQ9h.JPG&w=3840&q=75","","0","Blocked by robots.txt","Non-Indexable","Blocked by robots.txt","","0","0","","0","0","","0","","0","","0","","0","","0","","","","","","","","","","0","0","0","0.000","","0","","","","","0.000","2","1","","0","0","0","0.000","0","0","0","0","0","0","","","","","","","","","","","","None","","","","","","https://rotaractjpnagar.org/_next/image?url=https%3A%2F%2Frotashowcase-public-uploads.s3.ap-south-1.amazonaws.com%2F3191%2Fuploads%2FSQ9430AgnljbXUoIsiQ9h.JPG&w=3840&q=75","2026-06-26 00:38:35"
"https://rotaractjpnagar.org/_next/image?url=https%3A%2F%2Frotashowcase-public-uploads.s3.ap-south-1.amazonaws.com%2F3191%2Fuploads%2FPKzr7RjfgbMv7f7Q5vkz7.jpeg&w=3840&q=75","","0","Blocked by robots.txt","Non-Indexable","Blocked by robots.txt","","0","0","","0","0","","0","","0","","0","","0","","0","","","","","","","","","","0","0","0","0.000","","0","","","","","0.000","2","1","","0","0","0","0.000","0","0","0","0","0","0","","","","","","","","","","","","None","","","","","","https://rotaractjpnagar.org/_next/image?url=https%3A%2F%2Frotashowcase-public-uploads.s3.ap-south-1.amazonaws.com%2F3191%2Fuploads%2FPKzr7RjfgbMv7f7Q5vkz7.jpeg&w=3840&q=75","2026-06-26 00:38:35"
"https://rotaractjpnagar.org/_next/image?url=https%3A%2F%2Frotashowcase-public-uploads.s3.ap-south-1.amazonaws.com%2F3191%2Fuploads%2FLKpxqFek8deKpPY7FVDpN.jpg&w=3840&q=75","","0","Blocked by robots.txt","Non-Indexable","Blocked by robots.txt","","0","0","","0","0","","0","","0","","0","","0","","0","","","","","","","","","","0","0","0","0.000","","0","","","","","0.000","2","1","","0","0","0","0.000","0","0","0","0","0","0","","","","","","","","","","","","None","","","","","","https://rotaractjpnagar.org/_next/image?url=https%3A%2F%2Frotashowcase-public-uploads.s3.ap-south-1.amazonaws.com%2F3191%2Fuploads%2FLKpxqFek8deKpPY7FVDpN.jpg&w=3840&q=75","2026-06-26 00:38:35"
"https://rotaractjpnagar.org/_next/image?url=https%3A%2F%2Frotashowcase-public-uploads.s3.ap-south-1.amazonaws.com%2F3191%2Fuploads%2FXKlHrTCpKvMkGDBOMGnGH.jpg&w=3840&q=75","","0","Blocked by robots.txt","Non-Indexable","Blocked by robots.txt","","0","0","","0","0","","0","","0","","0","","0","","0","","","","","","","","","","0","0","0","0.000","","0","","","","","0.000","2","1","","0","0","0","0.000","0","0","0","0","0","0","","","","","","","","","","","","None","","","","","","https://rotaractjpnagar.org/_next/image?url=https%3A%2F%2Frotashowcase-public-uploads.s3.ap-south-1.amazonaws.com%2F3191%2Fuploads%2FXKlHrTCpKvMkGDBOMGnGH.jpg&w=3840&q=75","2026-06-26 00:38:35"
"https://rotaractjpnagar.org/_next/image?url=https%3A%2F%2Frotashowcase-public-uploads.s3.ap-south-1.amazonaws.com%2F3191%2Fuploads%2FOIewYj_YPZ6XiYUggUqdo.jpg&w=3840&q=75","","0","Blocked by robots.txt","Non-Indexable","Blocked by robots.txt","","0","0","","0","0","","0","","0","","0","","0","","0","","","","","","","","","","0","0","0","0.000","","0","","","","","0.000","2","1","","0","0","0","0.000","0","0","0","0","0","0","","","","","","","","","","","","None","","","","","","https://rotaractjpnagar.org/_next/image?url=https%3A%2F%2Frotashowcase-public-uploads.s3.ap-south-1.amazonaws.com%2F3191%2Fuploads%2FOIewYj_YPZ6XiYUggUqdo.jpg&w=3840&q=75","2026-06-26 00:38:35"
"https://rotaractjpnagar.org/_next/image?url=https%3A%2F%2Frotashowcase-public-uploads.s3.ap-south-1.amazonaws.com%2F3191%2Fuploads%2Fr0sdBz6ol8ic6BysJ9e6h.jpeg&w=3840&q=75","","0","Blocked by robots.txt","Non-Indexable","Blocked by robots.txt","","0","0","","0","0","","0","","0","","0","","0","","0","","","","","","","","","","0","0","0","0.000","","0","","","","","0.000","2","1","","0","0","0","0.000","0","0","0","0","0","0","","","","","","","","","","","","None","","","","","","https://rotaractjpnagar.org/_next/image?url=https%3A%2F%2Frotashowcase-public-uploads.s3.ap-south-1.amazonaws.com%2F3191%2Fuploads%2Fr0sdBz6ol8ic6BysJ9e6h.jpeg&w=3840&q=75","2026-06-26 00:38:35"
"https://rotaractjpnagar.org/_next/static/chunks/1fea4f07d8b21a85.js","","0","Blocked by robots.txt","Non-Indexable","Blocked by robots.txt","","0","0","","0","0","","0","","0","","0","","0","","0","","","","","","","","","","0","0","0","0.000","","0","","","","","0.000","2","3","","0","0","0","0.000","0","0","0","0","0","0","","","","","","","","","","","","None","","","","","","https://rotaractjpnagar.org/_next/static/chunks/1fea4f07d8b21a85.js","2026-06-26 00:38:35"
"https://rotaractjpnagar.org/_next/image?url=https%3A%2F%2Frotashowcase-public-uploads.s3.ap-south-1.amazonaws.com%2F3191%2Fuploads%2FKkUfX7cDXba7RgrhI2HLB.jpg&w=3840&q=75","","0","Blocked by robots.txt","Non-Indexable","Blocked by robots.txt","","0","0","","0","0","","0","","0","","0","","0","","0","","","","","","","","","","0","0","0","0.000","","0","","","","","0.000","2","1","","0","0","0","0.000","0","0","0","0","0","0","","","","","","","","","","","","None","","","","","","https://rotaractjpnagar.org/_next/image?url=https%3A%2F%2Frotashowcase-public-uploads.s3.ap-south-1.amazonaws.com%2F3191%2Fuploads%2FKkUfX7cDXba7RgrhI2HLB.jpg&w=3840&q=75","2026-06-26 00:38:35"
"https://rotaractjpnagar.org/_next/image?url=https%3A%2F%2Frotashowcase-public-uploads.s3.ap-south-1.amazonaws.com%2F3191%2Fuploads%2Fk-hjn3wmBKIIACFqzr7VD.jpg&w=3840&q=75","","0","Blocked by robots.txt","Non-Indexable","Blocked by robots.txt","","0","0","","0","0","","0","","0","","0","","0","","0","","","","","","","","","","0","0","0","0.000","","0","","","","","0.000","2","1","","0","0","0","0.000","0","0","0","0","0","0","","","","","","","","","","","","None","","","","","","https://rotaractjpnagar.org/_next/image?url=https%3A%2F%2Frotashowcase-public-uploads.s3.ap-south-1.amazonaws.com%2F3191%2Fuploads%2Fk-hjn3wmBKIIACFqzr7VD.jpg&w=3840&q=75","2026-06-26 00:38:35"
"https://rotaractjpnagar.org/_next/image?url=https%3A%2F%2Frotashowcase-public-uploads.s3.ap-south-1.amazonaws.com%2F3191%2Fuploads%2FKzV1Re-O3cQRCCUMOdEvM.jpg&w=3840&q=75","","0","Blocked by robots.txt","Non-Indexable","Blocked by robots.txt","","0","0","","0","0","","0","","0","","0","","0","","0","","","","","","","","","","0","0","0","0.000","","0","","","","","0.000","2","1","","0","0","0","0.000","0","0","0","0","0","0","","","","","","","","","","","","None","","","","","","https://rotaractjpnagar.org/_next/image?url=https%3A%2F%2Frotashowcase-public-uploads.s3.ap-south-1.amazonaws.com%2F3191%2Fuploads%2FKzV1Re-O3cQRCCUMOdEvM.jpg&w=3840&q=75","2026-06-26 00:38:35"
"https://rotaractjpnagar.org/_next/image?url=https%3A%2F%2Frotashowcase-public-uploads.s3.ap-south-1.amazonaws.com%2F3191%2Fuploads%2FZj0yxdREeq5wxNuoT4DNw.jpg&w=3840&q=75","","0","Blocked by robots.txt","Non-Indexable","Blocked by robots.txt","","0","0","","0","0","","0","","0","","0","","0","","0","","","","","","","","","","0","0","0","0.000","","0","","","","","0.000","2","1","","0","0","0","0.000","0","0","0","0","0","0","","","","","","","","","","","","None","","","","","","https://rotaractjpnagar.org/_next/image?url=https%3A%2F%2Frotashowcase-public-uploads.s3.ap-south-1.amazonaws.com%2F3191%2Fuploads%2FZj0yxdREeq5wxNuoT4DNw.jpg&w=3840&q=75","2026-06-26 00:38:35"
"https://rotaractjpnagar.org/_next/image?url=https%3A%2F%2Frotashowcase-public-uploads.s3.ap-south-1.amazonaws.com%2F3191%2Fuploads%2Fgzc9df8aVg12asMUE7OzX.jpg&w=3840&q=75","","0","Blocked by robots.txt","Non-Indexable","Blocked by robots.txt","","0","0","","0","0","","0","","0","","0","","0","","0","","","","","","","","","","0","0","0","0.000","","0","","","","","0.000","2","1","","0","0","0","0.000","0","0","0","0","0","0","","","","","","","","","","","","None","","","","","","https://rotaractjpnagar.org/_next/image?url=https%3A%2F%2Frotashowcase-public-uploads.s3.ap-south-1.amazonaws.com%2F3191%2Fuploads%2Fgzc9df8aVg12asMUE7OzX.jpg&w=3840&q=75","2026-06-26 00:38:35"
"https://rotaractjpnagar.org/_next/image?url=https%3A%2F%2Frotashowcase-public-uploads.s3.ap-south-1.amazonaws.com%2F3191%2Fuploads%2F1t4B0tqb8U3iqHGI0kog5.jpg&w=3840&q=75","","0","Blocked by robots.txt","Non-Indexable","Blocked by robots.txt","","0","0","","0","0","","0","","0","","0","","0","","0","","","","","","","","","","0","0","0","0.000","","0","","","","","0.000","2","1","","0","0","0","0.000","0","0","0","0","0","0","","","","","","","","","","","","None","","","","","","https://rotaractjpnagar.org/_next/image?url=https%3A%2F%2Frotashowcase-public-uploads.s3.ap-south-1.amazonaws.com%2F3191%2Fuploads%2F1t4B0tqb8U3iqHGI0kog5.jpg&w=3840&q=75","2026-06-26 00:38:35"
"https://rotaractjpnagar.org/_next/image?url=https%3A%2F%2Frotashowcase-public-uploads.s3.ap-south-1.amazonaws.com%2F3191%2Fuploads%2Fzgs2hlHrITEjlL_pIJL_P.jpeg&w=3840&q=75","","0","Blocked by robots.txt","Non-Indexable","Blocked by robots.txt","","0","0","","0","0","","0","","0","","0","","0","","0","","","","","","","","","","0","0","0","0.000","","0","","","","","0.000","2","1","","0","0","0","0.000","0","0","0","0","0","0","","","","","","","","","","","","None","","","","","","https://rotaractjpnagar.org/_next/image?url=https%3A%2F%2Frotashowcase-public-uploads.s3.ap-south-1.amazonaws.com%2F3191%2Fuploads%2Fzgs2hlHrITEjlL_pIJL_P.jpeg&w=3840&q=75","2026-06-26 00:38:35"
"https://rotaractjpnagar.org/_next/image?url=https%3A%2F%2Frotashowcase-public-uploads.s3.ap-south-1.amazonaws.com%2F3191%2Fuploads%2Fi6bOdltd-1yHy6_PzAPs7.jpeg&w=3840&q=75","","0","Blocked by robots.txt","Non-Indexable","Blocked by robots.txt","","0","0","","0","0","","0","","0","","0","","0","","0","","","","","","","","","","0","0","0","0.000","","0","","","","","0.000","2","1","","0","0","0","0.000","0","0","0","0","0","0","","","","","","","","","","","","None","","","","","","https://rotaractjpnagar.org/_next/image?url=https%3A%2F%2Frotashowcase-public-uploads.s3.ap-south-1.amazonaws.com%2F3191%2Fuploads%2Fi6bOdltd-1yHy6_PzAPs7.jpeg&w=3840&q=75","2026-06-26 00:38:35"
"https://rotaractjpnagar.org/_next/image?url=https%3A%2F%2Frotashowcase-public-uploads.s3.ap-south-1.amazonaws.com%2F3191%2Fuploads%2FpYY5CRTrBTSvpfdip3J-V.jpg&w=3840&q=75","","0","Blocked by robots.txt","Non-Indexable","Blocked by robots.txt","","0","0","","0","0","","0","","0","","0","","0","","0","","","","","","","","","","0","0","0","0.000","","0","","","","","0.000","2","1","","0","0","0","0.000","0","0","0","0","0","0","","","","","","","","","","","","None","","","","","","https://rotaractjpnagar.org/_next/image?url=https%3A%2F%2Frotashowcase-public-uploads.s3.ap-south-1.amazonaws.com%2F3191%2Fuploads%2FpYY5CRTrBTSvpfdip3J-V.jpg&w=3840&q=75","2026-06-26 00:38:35"
"https://rotaractjpnagar.org/_next/image?url=https%3A%2F%2Frotashowcase-public-uploads.s3.ap-south-1.amazonaws.com%2F3191%2Fuploads%2FwubBRGo89s7hoyW2otWdx.jpeg&w=3840&q=75","","0","Blocked by robots.txt","Non-Indexable","Blocked by robots.txt","","0","0","","0","0","","0","","0","","0","","0","","0","","","","","","","","","","0","0","0","0.000","","0","","","","","0.000","2","1","","0","0","0","0.000","0","0","0","0","0","0","","","","","","","","","","","","None","","","","","","https://rotaractjpnagar.org/_next/image?url=https%3A%2F%2Frotashowcase-public-uploads.s3.ap-south-1.amazonaws.com%2F3191%2Fuploads%2FwubBRGo89s7hoyW2otWdx.jpeg&w=3840&q=75","2026-06-26 00:38:35"
"https://rotaractjpnagar.org/_next/image?url=https%3A%2F%2Frotashowcase-public-uploads.s3.ap-south-1.amazonaws.com%2F3191%2Fuploads%2F1a5eWleAHhUzTbsg35Jwt.jpg&w=3840&q=75","","0","Blocked by robots.txt","Non-Indexable","Blocked by robots.txt","","0","0","","0","0","","0","","0","","0","","0","","0","","","","","","","","","","0","0","0","0.000","","0","","","","","0.000","2","1","","0","0","0","0.000","0","0","0","0","0","0","","","","","","","","","","","","None","","","","","","https://rotaractjpnagar.org/_next/image?url=https%3A%2F%2Frotashowcase-public-uploads.s3.ap-south-1.amazonaws.com%2F3191%2Fuploads%2F1a5eWleAHhUzTbsg35Jwt.jpg&w=3840&q=75","2026-06-26 00:38:35"
"https://rotaractjpnagar.org/_next/image?url=https%3A%2F%2Frotashowcase-public-uploads.s3.ap-south-1.amazonaws.com%2F3191%2Fuploads%2Fg3KnKi0mLrHzv5yokICTN.jpg&w=3840&q=75","","0","Blocked by robots.txt","Non-Indexable","Blocked by robots.txt","","0","0","","0","0","","0","","0","","0","","0","","0","","","","","","","","","","0","0","0","0.000","","0","","","","","0.000","2","1","","0","0","0","0.000","0","0","0","0","0","0","","","","","","","","","","","","None","","","","","","https://rotaractjpnagar.org/_next/image?url=https%3A%2F%2Frotashowcase-public-uploads.s3.ap-south-1.amazonaws.com%2F3191%2Fuploads%2Fg3KnKi0mLrHzv5yokICTN.jpg&w=3840&q=75","2026-06-26 00:38:35"
"https://rotaractjpnagar.org/_next/image?url=https%3A%2F%2Frotashowcase-public-uploads.s3.ap-south-1.amazonaws.com%2F3191%2Fuploads%2FESN_YDS98Qtb3pwtkreOk.jpg&w=3840&q=75","","0","Blocked by robots.txt","Non-Indexable","Blocked by robots.txt","","0","0","","0","0","","0","","0","","0","","0","","0","","","","","","","","","","0","0","0","0.000","","0","","","","","0.000","2","1","","0","0","0","0.000","0","0","0","0","0","0","","","","","","","","","","","","None","","","","","","https://rotaractjpnagar.org/_next/image?url=https%3A%2F%2Frotashowcase-public-uploads.s3.ap-south-1.amazonaws.com%2F3191%2Fuploads%2FESN_YDS98Qtb3pwtkreOk.jpg&w=3840&q=75","2026-06-26 00:38:35"
"https://rotaractjpnagar.org/_next/image?url=https%3A%2F%2Frotashowcase-public-uploads.s3.ap-south-1.amazonaws.com%2F3191%2Fuploads%2FU3iCQO13MY-g6zJ91dgPY.jpg&w=3840&q=75","","0","Blocked by robots.txt","Non-Indexable","Blocked by robots.txt","","0","0","","0","0","","0","","0","","0","","0","","0","","","","","","","","","","0","0","0","0.000","","0","","","","","0.000","2","1","","0","0","0","0.000","0","0","0","0","0","0","","","","","","","","","","","","None","","","","","","https://rotaractjpnagar.org/_next/image?url=https%3A%2F%2Frotashowcase-public-uploads.s3.ap-south-1.amazonaws.com%2F3191%2Fuploads%2FU3iCQO13MY-g6zJ91dgPY.jpg&w=3840&q=75","2026-06-26 00:38:35"
"https://rotaractjpnagar.org/_next/image?url=https%3A%2F%2Frotashowcase-public-uploads.s3.ap-south-1.amazonaws.com%2F3191%2Fuploads%2FtYFbigeHSB9Bn82ViTKSO.jpg&w=3840&q=75","","0","Blocked by robots.txt","Non-Indexable","Blocked by robots.txt","","0","0","","0","0","","0","","0","","0","","0","","0","","","","","","","","","","0","0","0","0.000","","0","","","","","0.000","2","1","","0","0","0","0.000","0","0","0","0","0","0","","","","","","","","","","","","None","","","","","","https://rotaractjpnagar.org/_next/image?url=https%3A%2F%2Frotashowcase-public-uploads.s3.ap-south-1.amazonaws.com%2F3191%2Fuploads%2FtYFbigeHSB9Bn82ViTKSO.jpg&w=3840&q=75","2026-06-26 00:38:35"
"https://rotaractjpnagar.org/_next/image?url=https%3A%2F%2Frotashowcase-public-uploads.s3.ap-south-1.amazonaws.com%2F3191%2Fuploads%2FF69E9fDDWOWNOsl1OWy6m.jpg&w=3840&q=75","","0","Blocked by robots.txt","Non-Indexable","Blocked by robots.txt","","0","0","","0","0","","0","","0","","0","","0","","0","","","","","","","","","","0","0","0","0.000","","0","","","","","0.000","2","1","","0","0","0","0.000","0","0","0","0","0","0","","","","","","","","","","","","None","","","","","","https://rotaractjpnagar.org/_next/image?url=https%3A%2F%2Frotashowcase-public-uploads.s3.ap-south-1.amazonaws.com%2F3191%2Fuploads%2FF69E9fDDWOWNOsl1OWy6m.jpg&w=3840&q=75","2026-06-26 00:38:35"
"https://rotaractjpnagar.org/_next/image?url=%2Fimages%2Flogos%2FRotaract%20Masterbrand.png&w=828&q=75","","0","Blocked by robots.txt","Non-Indexable","Blocked by robots.txt","","0","0","","0","0","","0","","0","","0","","0","","0","","","","","","","","","","0","0","0","0.000","","0","","","","","0.000","2","1","","0","0","0","0.000","0","0","0","0","0","0","","","","","","","","","","","","None","","","","","","https://rotaractjpnagar.org/_next/image?url=%2Fimages%2Flogos%2FRotaract%20Masterbrand.png&w=828&q=75","2026-06-26 00:38:35"
"https://rotaractjpnagar.org/images/logos/club/RaCJPN-Black-Simplified.png","image/png","200","OK","Indexable","","","0","0","","0","0","","0","","0","","0","","0","","0","","","","","","","","","","18447","18447","18447","2.734","","0","","","","","0.000","2","3","","1","1","0","12.500","0","0","0","0","0","0","","","","","","0.459","","","","","","1.1","","","","","","https://rotaractjpnagar.org/images/logos/club/RaCJPN-Black-Simplified.png","2026-06-26 00:38:35"
"https://rotaractjpnagar.org/_next/image?url=%2Fimages%2Flogos%2Fdistrict%2FRotaract%203191%20Masterbrand%20Simplified.png&w=3840&q=75","","0","Blocked by robots.txt","Non-Indexable","Blocked by robots.txt","","0","0","","0","0","","0","","0","","0","","0","","0","","","","","","","","","","0","0","0","0.000","","0","","","","","0.000","2","1","","0","0","0","0.000","0","0","0","0","0","0","","","","","","","","","","","","None","","","","","","https://rotaractjpnagar.org/_next/image?url=%2Fimages%2Flogos%2Fdistrict%2FRotaract%203191%20Masterbrand%20Simplified.png&w=3840&q=75","2026-06-26 00:38:36"
"https://rotaractjpnagar.org/projects/sparsha","text/html; charset=utf-8","200","OK","Non-Indexable","Canonicalised","Rotaract Club of Bangalore JP Nagar","35","326","Official website of Rotaract Club of Bangalore JP Nagar, RI District 3191. Developing leadership through service and fellowship.","128","801","Rotaract Bangalore,Rotaract JP Nagar,Community Service,Rotary District 3191,Leadership,Fellowship","97","SPARSHA","7","","0","Project Description","19","","0","index, follow","","","https://rotaractjpnagar.org/","","","","","","53608","9976","9976","1.478","","327","51","6.412","45.356","Hard","5.188","1","1","","1","1","0","12.500","12","5","0","7","6","0","","","","","77c69e191f0c83050195b9af2bb2d883","3.255","","","","","en","1.1","","","","","","https://rotaractjpnagar.org/projects/sparsha","2026-06-26 00:38:33"
"https://rotaractjpnagar.org/_next/image?url=%2Fimages%2Flogos%2Fclub%2FRaCJPN-Black-Simplified.png&w=3840&q=75","","0","Blocked by robots.txt","Non-Indexable","Blocked by robots.txt","","0","0","","0","0","","0","","0","","0","","0","","0","","","","","","","","","","0","0","0","0.000","","0","","","","","0.000","2","1","","0","0","0","0.000","0","0","0","0","0","0","","","","","","","","","","","","None","","","","","","https://rotaractjpnagar.org/_next/image?url=%2Fimages%2Flogos%2Fclub%2FRaCJPN-Black-Simplified.png&w=3840&q=75","2026-06-26 00:38:36"
"https://rotaractjpnagar.org/_next/image?url=%2Fimages%2Flogos%2Fdistrict%2FRotaract%203191%20Masterbrand%20-%20White.png&w=3840&q=75","","0","Blocked by robots.txt","Non-Indexable","Blocked by robots.txt","","0","0","","0","0","","0","","0","","0","","0","","0","","","","","","","","","","0","0","0","0.000","","0","","","","","0.000","2","1","","0","0","0","0.000","0","0","0","0","0","0","","","","","","","","","","","","None","","","","","","https://rotaractjpnagar.org/_next/image?url=%2Fimages%2Flogos%2Fdistrict%2FRotaract%203191%20Masterbrand%20-%20White.png&w=3840&q=75","2026-06-26 00:38:36"
"https://rotaractjpnagar.org/images/logos/district/Rotaract%203191%20Masterbrand%20-%20White.png","image/png","200","OK","Indexable","","","0","0","","0","0","","0","","0","","0","","0","","0","","","","","","","","","","12036","12036","12036","1.784","","0","","","","","0.000","2","3","","1","1","0","12.500","0","0","0","0","0","0","","","","","","0.430","","","","","","1.1","","","","","","https://rotaractjpnagar.org/images/logos/district/Rotaract%203191%20Masterbrand%20-%20White.png","2026-06-26 00:38:36"
"https://rotaractjpnagar.org/_next/image?url=%2Fimages%2Flogos%2Fclub%2FRaCJPN-Cranberry-Simplified.png&w=3840&q=75","","0","Blocked by robots.txt","Non-Indexable","Blocked by robots.txt","","0","0","","0","0","","0","","0","","0","","0","","0","","","","","","","","","","0","0","0","0.000","","0","","","","","0.000","2","1","","0","0","0","0.000","0","0","0","0","0","0","","","","","","","","","","","","None","","","","","","https://rotaractjpnagar.org/_next/image?url=%2Fimages%2Flogos%2Fclub%2FRaCJPN-Cranberry-Simplified.png&w=3840&q=75","2026-06-26 00:38:36"
"https://rotaractjpnagar.org/images/logos/district/Rotaract%203191%20Masterbrand%20Simplified.png","image/png","200","OK","Indexable","","","0","0","","0","0","","0","","0","","0","","0","","0","","","","","","","","","","10069","10069","10069","1.492","","0","","","","","0.000","2","3","","1","1","0","12.500","0","0","0","0","0","0","","","","","","0.427","","","","","","1.1","","","","","","https://rotaractjpnagar.org/images/logos/district/Rotaract%203191%20Masterbrand%20Simplified.png","2026-06-26 00:38:36"
"https://rotaractjpnagar.org/images/logos/club/RaCJPN-Cranberry-UniteForGood-Regular.png","image/png","200","OK","Indexable","","","0","0","","0","0","","0","","0","","0","","0","","0","","","","","","","","","","32303","32303","32303","4.787","","0","","","","","0.000","2","3","","1","1","0","12.500","0","0","0","0","0","0","","","","","","0.475","","","","","","1.1","","","","","","https://rotaractjpnagar.org/images/logos/club/RaCJPN-Cranberry-UniteForGood-Regular.png","2026-06-26 00:38:36"
"https://rotaractjpnagar.org/_next/image?url=%2Fimages%2Flogos%2Fclub%2FRaCJPN-White-Regular.png&w=3840&q=75","","0","Blocked by robots.txt","Non-Indexable","Blocked by robots.txt","","0","0","","0","0","","0","","0","","0","","0","","0","","","","","","","","","","0","0","0","0.000","","0","","","","","0.000","2","1","","0","0","0","0.000","0","0","0","0","0","0","","","","","","","","","","","","None","","","","","","https://rotaractjpnagar.org/_next/image?url=%2Fimages%2Flogos%2Fclub%2FRaCJPN-White-Regular.png&w=3840&q=75","2026-06-26 00:38:37"
"https://rotaractjpnagar.org/_next/static/chunks/4b1443962c5e8bdc.js","","0","Blocked by robots.txt","Non-Indexable","Blocked by robots.txt","","0","0","","0","0","","0","","0","","0","","0","","0","","","","","","","","","","0","0","0","0.000","","0","","","","","0.000","2","3","","0","0","0","0.000","0","0","0","0","0","0","","","","","","","","","","","","None","","","","","","https://rotaractjpnagar.org/_next/static/chunks/4b1443962c5e8bdc.js","2026-06-26 00:38:37"
"https://rotaractjpnagar.org/_next/image?url=%2Fimages%2Flogos%2Fclub%2FRaCJPN-Cranberry-UniteForGood-Regular.png&w=3840&q=75","","0","Blocked by robots.txt","Non-Indexable","Blocked by robots.txt","","0","0","","0","0","","0","","0","","0","","0","","0","","","","","","","","","","0","0","0","0.000","","0","","","","","0.000","2","1","","0","0","0","0.000","0","0","0","0","0","0","","","","","","","","","","","","None","","","","","","https://rotaractjpnagar.org/_next/image?url=%2Fimages%2Flogos%2Fclub%2FRaCJPN-Cranberry-UniteForGood-Regular.png&w=3840&q=75","2026-06-26 00:38:37"
"https://rotaractjpnagar.org/_next/image?url=%2Fimages%2Flogos%2Fdistrict%2FRotaract%203191%20Masterbrand.png&w=3840&q=75","","0","Blocked by robots.txt","Non-Indexable","Blocked by robots.txt","","0","0","","0","0","","0","","0","","0","","0","","0","","","","","","","","","","0","0","0","0.000","","0","","","","","0.000","2","1","","0","0","0","0.000","0","0","0","0","0","0","","","","","","","","","","","","None","","","","","","https://rotaractjpnagar.org/_next/image?url=%2Fimages%2Flogos%2Fdistrict%2FRotaract%203191%20Masterbrand.png&w=3840&q=75","2026-06-26 00:38:37"
"https://rotaractjpnagar.org/_next/image?url=%2Fimages%2Flogos%2Fclub%2FRaCJPN-White-UniteForGood-Regular.png&w=3840&q=75","","0","Blocked by robots.txt","Non-Indexable","Blocked by robots.txt","","0","0","","0","0","","0","","0","","0","","0","","0","","","","","","","","","","0","0","0","0.000","","0","","","","","0.000","2","1","","0","0","0","0.000","0","0","0","0","0","0","","","","","","","","","","","","None","","","","","","https://rotaractjpnagar.org/_next/image?url=%2Fimages%2Flogos%2Fclub%2FRaCJPN-White-UniteForGood-Regular.png&w=3840&q=75","2026-06-26 00:38:37"
"https://rotaractjpnagar.org/images/logos/club/RaCJPN-Cranberry-Regular.png","image/png","200","OK","Indexable","","","0","0","","0","0","","0","","0","","0","","0","","0","","","","","","","","","","42355","42355","42355","6.277","","0","","","","","0.000","2","3","","1","1","0","12.500","0","0","0","0","0","0","","","","","","0.720","","","","","","1.1","","","","","","https://rotaractjpnagar.org/images/logos/club/RaCJPN-Cranberry-Regular.png","2026-06-26 00:38:36"
"https://rotaractjpnagar.org/images/logos/club/RaCJPN-White-Regular.png","image/png","200","OK","Indexable","","","0","0","","0","0","","0","","0","","0","","0","","0","","","","","","","","","","29017","29017","29017","4.300","","0","","","","","0.000","2","3","","1","1","0","12.500","0","0","0","0","0","0","","","","","","0.735","","","","","","1.1","","","","","","https://rotaractjpnagar.org/images/logos/club/RaCJPN-White-Regular.png","2026-06-26 00:38:36"
"https://rotaractjpnagar.org/_next/image?url=%2Fimages%2Flogos%2Fclub%2FRaCJPN-Black-Regular.png&w=3840&q=75","","0","Blocked by robots.txt","Non-Indexable","Blocked by robots.txt","","0","0","","0","0","","0","","0","","0","","0","","0","","","","","","","","","","0","0","0","0.000","","0","","","","","0.000","2","1","","0","0","0","0.000","0","0","0","0","0","0","","","","","","","","","","","","None","","","","","","https://rotaractjpnagar.org/_next/image?url=%2Fimages%2Flogos%2Fclub%2FRaCJPN-Black-Regular.png&w=3840&q=75","2026-06-26 00:38:37"
"https://rotaractjpnagar.org/images/logos/club/RaCJPN-Cranberry-UniteForGood-Simplified.png","image/png","200","OK","Indexable","","","0","0","","0","0","","0","","0","","0","","0","","0","","","","","","","","","","13179","13179","13179","1.953","","0","","","","","0.000","2","3","","1","1","0","12.500","0","0","0","0","0","0","","","","","","0.772","","","","","","1.1","","","","","","https://rotaractjpnagar.org/images/logos/club/RaCJPN-Cranberry-UniteForGood-Simplified.png","2026-06-26 00:38:36"
"https://rotaractjpnagar.org/_next/image?url=%2Fimages%2Flogos%2Fclub%2FRaCJPN-Cranberry-UniteForGood-Simplified.png&w=3840&q=75","","0","Blocked by robots.txt","Non-Indexable","Blocked by robots.txt","","0","0","","0","0","","0","","0","","0","","0","","0","","","","","","","","","","0","0","0","0.000","","0","","","","","0.000","2","1","","0","0","0","0.000","0","0","0","0","0","0","","","","","","","","","","","","None","","","","","","https://rotaractjpnagar.org/_next/image?url=%2Fimages%2Flogos%2Fclub%2FRaCJPN-Cranberry-UniteForGood-Simplified.png&w=3840&q=75","2026-06-26 00:38:37"
"https://rotaractjpnagar.org/images/logos/club/RaCJPN-Black-Regular.png","image/png","200","OK","Indexable","","","0","0","","0","0","","0","","0","","0","","0","","0","","","","","","","","","","21027","21027","21027","3.116","","0","","","","","0.000","2","3","","1","1","0","12.500","0","0","0","0","0","0","","","","","","0.536","","","","","","1.1","","","","","","https://rotaractjpnagar.org/images/logos/club/RaCJPN-Black-Regular.png","2026-06-26 00:38:37"
"https://rotaractjpnagar.org/_next/image?url=%2Fimages%2Flogos%2Fclub%2FRaCJPN-Cranberry-Regular.png&w=3840&q=75","","0","Blocked by robots.txt","Non-Indexable","Blocked by robots.txt","","0","0","","0","0","","0","","0","","0","","0","","0","","","","","","","","","","0","0","0","0.000","","0","","","","","0.000","2","1","","0","0","0","0.000","0","0","0","0","0","0","","","","","","","","","","","","None","","","","","","https://rotaractjpnagar.org/_next/image?url=%2Fimages%2Flogos%2Fclub%2FRaCJPN-Cranberry-Regular.png&w=3840&q=75","2026-06-26 00:38:37"
"https://rotaractjpnagar.org/_next/image?url=%2Fimages%2Flogos%2Fclub%2FRaCJPN-Black-UniteForGood-Simplified.png&w=3840&q=75","","0","Blocked by robots.txt","Non-Indexable","Blocked by robots.txt","","0","0","","0","0","","0","","0","","0","","0","","0","","","","","","","","","","0","0","0","0.000","","0","","","","","0.000","2","1","","0","0","0","0.000","0","0","0","0","0","0","","","","","","","","","","","","None","","","","","","https://rotaractjpnagar.org/_next/image?url=%2Fimages%2Flogos%2Fclub%2FRaCJPN-Black-UniteForGood-Simplified.png&w=3840&q=75","2026-06-26 00:38:37"
"https://rotaractjpnagar.org/_next/image?url=%2Fimages%2Flogos%2Fclub%2FRaCJPN-Black-UniteForGood-Regular.png&w=3840&q=75","","0","Blocked by robots.txt","Non-Indexable","Blocked by robots.txt","","0","0","","0","0","","0","","0","","0","","0","","0","","","","","","","","","","0","0","0","0.000","","0","","","","","0.000","2","1","","0","0","0","0.000","0","0","0","0","0","0","","","","","","","","","","","","None","","","","","","https://rotaractjpnagar.org/_next/image?url=%2Fimages%2Flogos%2Fclub%2FRaCJPN-Black-UniteForGood-Regular.png&w=3840&q=75","2026-06-26 00:38:37"
"https://rotaractjpnagar.org/images/logos/club/RaCJPN-Black-UniteForGood-Simplified.png","image/png","200","OK","Indexable","","","0","0","","0","0","","0","","0","","0","","0","","0","","","","","","","","","","13236","13236","13236","1.962","","0","","","","","0.000","2","3","","1","1","0","12.500","0","0","0","0","0","0","","","","","","0.515","","","","","","1.1","","","","","","https://rotaractjpnagar.org/images/logos/club/RaCJPN-Black-UniteForGood-Simplified.png","2026-06-26 00:38:37"
"https://rotaractjpnagar.org/images/logos/club/RaCJPN-Black-UniteForGood-Regular.png","image/png","200","OK","Indexable","","","0","0","","0","0","","0","","0","","0","","0","","0","","","","","","","","","","14592","14592","14592","2.163","","0","","","","","0.000","2","3","","1","1","0","12.500","0","0","0","0","0","0","","","","","","0.806","","","","","","1.1","","","","","","https://rotaractjpnagar.org/images/logos/club/RaCJPN-Black-UniteForGood-Regular.png","2026-06-26 00:38:37"
"https://rotaractjpnagar.org/_next/image?url=%2Fimages%2Flogos%2FRaCJPN-Cranberry-UniteForGood-Regular.png&w=3840&q=75","","0","Blocked by robots.txt","Non-Indexable","Blocked by robots.txt","","0","0","","0","0","","0","","0","","0","","0","","0","","","","","","","","","","0","0","0","0.000","","0","","","","","0.000","2","1","","0","0","0","0.000","0","0","0","0","0","0","","","","","","","","","","","","None","","","","","","https://rotaractjpnagar.org/_next/image?url=%2Fimages%2Flogos%2FRaCJPN-Cranberry-UniteForGood-Regular.png&w=3840&q=75","2026-06-26 00:38:38"
"https://rotaractjpnagar.org/images/logos/club/RaCJPN-White-UniteForGood-Regular.png","image/png","200","OK","Indexable","","","0","0","","0","0","","0","","0","","0","","0","","0","","","","","","","","","","39742","39742","39742","5.890","","0","","","","","0.000","2","3","","1","1","0","12.500","0","0","0","0","0","0","","","","","","0.587","","","","","","1.1","","","","","","https://rotaractjpnagar.org/images/logos/club/RaCJPN-White-UniteForGood-Regular.png","2026-06-26 00:38:37"
"https://rotaractjpnagar.org/images/logos/club/RaCJPN-Cranberry-Simplified.png","image/png","200","OK","Indexable","","","0","0","","0","0","","0","","0","","0","","0","","0","","","","","","","","","","40357","40357","40357","5.981","","0","","","","","0.000","2","3","","1","1","0","12.500","0","0","0","0","0","0","","","","","","0.573","","","","","","1.1","","","","","","https://rotaractjpnagar.org/images/logos/club/RaCJPN-Cranberry-Simplified.png","2026-06-26 00:38:37"
"https://rotaractjpnagar.org/images/logos/district/Rotaract%203191%20Masterbrand.png","image/png","200","OK","Indexable","","","0","0","","0","0","","0","","0","","0","","0","","0","","","","","","","","","","11922","11922","11922","1.767","","0","","","","","0.000","2","3","","1","1","0","12.500","0","0","0","0","0","0","","","","","","0.780","","","","","","1.1","","","","","","https://rotaractjpnagar.org/images/logos/district/Rotaract%203191%20Masterbrand.png","2026-06-26 00:38:38"
